{
  "project_info": {
    "project_number": "502266212048",
    "project_id": "aquasense-12265",
    "storage_bucket": "aquasense-12265.appspot.com"
  },
  "client": [
    {
      "client_info": {
        "mobilesdk_app_id": "1:502266212048:android:479cd66d772af689b3f8d5",
        "android_client_info": {
          "package_name": "com.example.aquasensewater"
        }
      },
      "oauth_client": [],
      "api_key": [
        {
          "current_key": "AIzaSyC_HR1M3iHFWAbrDb1AP3PgELisc_3G854"
        }
      ],
      "services": {
        "appinvite_service": {
          "other_platform_oauth_client": []
        }
      }
    }
  ],
  "configuration_version": "1"
}